,Claim_ID,Food_ID,Receiver_ID,Status,Timestamp
0,1,164,908,Pending,3/5/2025 5:26
1,2,353,391,Cancelled,3/11/2025 10:24
2,3,626,492,Completed,3/21/2025 0:59
3,4,61,933,Cancelled,3/4/2025 9:08
4,5,345,229,Pending,3/14/2025 15:17
5,6,273,607,Cancelled,3/2/2025 2:50
6,7,735,256,Cancelled,3/7/2025 23:58
7,8,382,900,Pending,3/5/2025 7:07
8,9,278,807,Completed,3/18/2025 2:26
9,10,669,975,Completed,3/6/2025 19:57
10,11,290,118,Pending,3/4/2025 23:01
11,12,694,739,Completed,3/1/2025 21:55
12,13,951,959,Pending,3/8/2025 13:08
13,14,426,233,Cancelled,3/8/2025 16:08
14,15,684,97,Completed,3/7/2025 8:00
15,16,320,836,Cancelled,3/7/2025 6:17
16,17,465,588,Cancelled,3/15/2025 16:49
17,18,952,729,Completed,3/9/2025 2:04
18,19,798,399,Pending,3/16/2025 6:32
19,20,792,88,Completed,3/7/2025 12:15
20,21,281,493,Completed,3/4/2025 0:29
21,22,345,757,Pending,3/9/2025 3:11
22,23,674,526,Completed,3/6/2025 22:55
23,24,594,717,Pending,3/15/2025 0:51
24,25,371,10,Completed,3/10/2025 7:10
25,26,959,233,Cancelled,3/21/2025 4:34
26,27,58,487,Completed,3/17/2025 5:07
27,28,586,189,Pending,3/19/2025 4:15
28,29,812,769,Pending,3/14/2025 17:09
29,30,193,228,Pending,3/7/2025 4:05
30,31,937,546,Completed,3/3/2025 2:06
31,32,624,371,Cancelled,3/17/2025 12:57
32,33,905,386,Cancelled,3/16/2025 14:26
33,34,713,271,Pending,3/18/2025 1:17
34,35,190,93,Cancelled,3/9/2025 21:40
35,36,597,562,Pending,3/16/2025 3:41
36,37,832,920,Cancelled,3/13/2025 3:50
37,38,757,380,Cancelled,3/18/2025 5:29
38,39,58,923,Pending,3/12/2025 9:57
39,40,141,789,Pending,3/10/2025 4:14
40,41,415,336,Pending,3/18/2025 4:33
41,42,886,256,Pending,3/7/2025 12:22
42,43,611,306,Pending,3/16/2025 17:08
43,44,825,31,Pending,3/9/2025 13:02
44,45,457,569,Completed,3/13/2025 7:07
45,46,556,412,Cancelled,3/12/2025 2:30
46,47,746,48,Pending,3/7/2025 10:45
47,48,895,373,Pending,3/9/2025 23:13
48,49,190,678,Pending,3/20/2025 13:44
49,50,251,804,Pending,3/19/2025 13:18
50,51,543,255,Pending,3/4/2025 10:59
51,52,507,517,Cancelled,3/15/2025 14:58
52,53,37,449,Completed,3/11/2025 9:43
53,54,534,737,Cancelled,3/6/2025 1:44
54,55,438,601,Completed,3/9/2025 0:13
55,56,690,452,Completed,3/17/2025 14:29
56,57,225,295,Completed,3/11/2025 21:44
57,58,258,149,Completed,3/13/2025 15:12
58,59,797,371,Cancelled,3/2/2025 23:28
59,60,390,391,Pending,3/16/2025 15:03
60,61,990,550,Cancelled,3/8/2025 21:06
61,62,258,678,Pending,3/17/2025 14:07
62,63,119,279,Pending,3/8/2025 21:30
63,64,771,90,Completed,3/17/2025 13:38
64,65,424,532,Cancelled,3/15/2025 15:00
65,66,310,730,Cancelled,3/11/2025 19:22
66,67,486,817,Completed,3/17/2025 17:22
67,68,526,321,Pending,3/2/2025 4:49
68,69,321,45,Completed,3/10/2025 6:15
69,70,203,479,Completed,3/19/2025 15:41
70,71,538,897,Cancelled,3/2/2025 15:34
71,72,851,44,Completed,3/4/2025 10:49
72,73,708,222,Pending,3/5/2025 23:42
73,74,487,62,Cancelled,3/2/2025 13:20
74,75,909,161,Cancelled,3/6/2025 11:44
75,76,877,185,Completed,3/13/2025 22:38
76,77,65,324,Completed,3/4/2025 22:57
77,78,504,151,Completed,3/15/2025 13:41
78,79,188,795,Cancelled,3/3/2025 1:13
79,80,153,35,Pending,3/21/2025 1:58
80,81,964,876,Completed,3/3/2025 9:13
81,82,641,638,Pending,3/9/2025 13:21
82,83,805,695,Completed,3/18/2025 19:37
83,84,925,554,Pending,3/9/2025 2:10
84,85,197,624,Completed,3/1/2025 9:52
85,86,790,425,Cancelled,3/2/2025 9:25
86,87,829,918,Completed,3/13/2025 10:50
87,88,233,310,Completed,3/3/2025 2:47
88,89,912,632,Cancelled,3/5/2025 20:34
89,90,378,27,Completed,3/4/2025 16:53
90,91,251,373,Completed,3/18/2025 18:10
91,92,136,65,Pending,3/7/2025 11:12
92,93,600,129,Pending,3/16/2025 11:30
93,94,505,523,Cancelled,3/19/2025 5:04
94,95,673,352,Cancelled,3/11/2025 10:52
95,96,937,500,Completed,3/17/2025 7:56
96,97,381,802,Pending,3/2/2025 2:12
97,98,741,116,Cancelled,3/13/2025 13:30
98,99,101,995,Completed,3/1/2025 2:21
99,100,101,892,Pending,3/19/2025 19:11
100,101,16,654,Cancelled,3/7/2025 2:19
101,102,110,772,Completed,3/16/2025 6:03
102,103,463,423,Completed,3/7/2025 12:06
103,104,882,52,Completed,3/5/2025 0:36
104,105,89,619,Completed,3/15/2025 23:07
105,106,674,589,Cancelled,3/6/2025 3:27
106,107,374,467,Completed,3/21/2025 0:40
107,108,786,909,Pending,3/8/2025 9:17
108,109,696,923,Pending,3/15/2025 16:28
109,110,469,196,Pending,3/1/2025 0:09
110,111,214,723,Pending,3/14/2025 11:40
111,112,984,970,Pending,3/4/2025 22:00
112,113,913,855,Pending,3/1/2025 23:11
113,114,870,840,Completed,3/6/2025 10:36
114,115,663,957,Pending,3/5/2025 0:19
115,116,162,908,Pending,3/16/2025 17:02
116,117,864,384,Pending,3/10/2025 1:30
117,118,108,927,Cancelled,3/7/2025 4:56
118,119,56,75,Cancelled,3/18/2025 15:38
119,120,233,101,Pending,3/10/2025 23:33
120,121,460,560,Completed,3/14/2025 11:44
121,122,160,292,Cancelled,3/15/2025 0:40
122,123,715,529,Completed,3/20/2025 13:50
123,124,252,303,Cancelled,3/20/2025 6:55
124,125,765,329,Pending,3/18/2025 21:40
125,126,202,499,Completed,3/11/2025 16:19
126,127,463,865,Completed,3/12/2025 16:00
127,128,589,100,Cancelled,3/10/2025 19:29
128,129,318,555,Pending,3/3/2025 15:50
129,130,660,608,Cancelled,3/13/2025 8:51
130,131,640,184,Cancelled,3/7/2025 5:12
131,132,640,835,Cancelled,3/6/2025 2:44
132,133,109,866,Pending,3/10/2025 13:34
133,134,650,404,Pending,3/18/2025 0:37
134,135,256,12,Cancelled,3/6/2025 19:49
135,136,493,3,Pending,3/16/2025 22:58
136,137,46,548,Completed,3/6/2025 3:22
137,138,648,392,Cancelled,3/2/2025 19:39
138,139,668,831,Completed,3/2/2025 1:08
139,140,548,168,Completed,3/18/2025 1:19
140,141,149,985,Pending,3/3/2025 20:25
141,142,782,128,Cancelled,3/16/2025 10:00
142,143,9,936,Completed,3/5/2025 11:36
143,144,457,390,Cancelled,3/12/2025 14:06
144,145,114,695,Pending,3/13/2025 5:28
145,146,769,420,Completed,3/8/2025 1:42
146,147,795,462,Completed,3/2/2025 13:48
147,148,174,612,Completed,3/10/2025 4:52
148,149,909,763,Cancelled,3/17/2025 15:13
149,150,991,107,Cancelled,3/3/2025 13:37
150,151,359,419,Completed,3/12/2025 5:30
151,152,797,988,Pending,3/6/2025 3:51
152,153,582,58,Cancelled,3/7/2025 16:14
153,154,495,285,Pending,3/20/2025 12:04
154,155,413,272,Completed,3/17/2025 8:27
155,156,870,666,Completed,3/16/2025 5:59
156,157,557,600,Completed,3/16/2025 14:13
157,158,297,331,Cancelled,3/15/2025 0:35
158,159,496,420,Completed,3/12/2025 15:27
159,160,446,566,Completed,3/19/2025 19:48
160,161,579,901,Pending,3/14/2025 22:58
161,162,427,337,Completed,3/15/2025 10:31
162,163,67,302,Cancelled,3/2/2025 9:04
163,164,918,35,Pending,3/4/2025 3:24
164,165,616,254,Pending,3/11/2025 4:53
165,166,19,297,Completed,3/3/2025 23:05
166,167,873,63,Completed,3/20/2025 1:38
167,168,609,440,Completed,3/1/2025 16:18
168,169,188,353,Completed,3/8/2025 0:38
169,170,157,374,Pending,3/5/2025 19:34
170,171,290,134,Pending,3/2/2025 17:02
171,172,226,140,Cancelled,3/21/2025 2:08
172,173,504,390,Completed,3/18/2025 6:41
173,174,277,947,Cancelled,3/3/2025 18:22
174,175,813,745,Pending,3/7/2025 21:27
175,176,35,276,Cancelled,3/12/2025 1:34
176,177,425,96,Cancelled,3/4/2025 20:52
177,178,437,262,Cancelled,3/5/2025 5:55
178,179,787,339,Completed,3/9/2025 9:23
179,180,644,983,Pending,3/5/2025 1:27
180,181,465,996,Pending,3/16/2025 9:20
181,182,579,342,Pending,3/19/2025 1:41
182,183,879,382,Cancelled,3/13/2025 12:37
183,184,80,50,Cancelled,3/2/2025 4:01
184,185,486,585,Pending,3/21/2025 4:05
185,186,153,475,Pending,3/11/2025 21:04
186,187,381,344,Pending,3/3/2025 12:36
187,188,896,648,Pending,3/11/2025 22:19
188,189,152,45,Completed,3/13/2025 9:32
189,190,152,550,Pending,3/20/2025 9:21
190,191,206,448,Completed,3/10/2025 11:59
191,192,335,246,Completed,3/2/2025 10:05
192,193,670,601,Completed,3/3/2025 2:13
193,194,771,726,Cancelled,3/15/2025 9:44
194,195,40,294,Completed,3/15/2025 20:49
195,196,111,416,Completed,3/20/2025 19:37
196,197,418,324,Cancelled,3/3/2025 21:41
197,198,985,495,Completed,3/4/2025 1:17
198,199,913,439,Cancelled,3/9/2025 3:22
199,200,97,350,Completed,3/8/2025 21:48
200,201,671,94,Completed,3/17/2025 19:09
201,202,415,917,Cancelled,3/18/2025 8:50
202,203,179,949,Completed,3/16/2025 13:08
203,204,824,571,Pending,3/18/2025 4:10
204,205,915,531,Cancelled,3/14/2025 3:27
205,206,94,747,Completed,3/6/2025 16:41
206,207,937,398,Completed,3/18/2025 16:07
207,208,166,874,Pending,3/9/2025 7:30
208,209,893,594,Cancelled,3/12/2025 23:25
209,210,813,388,Pending,3/11/2025 22:06
210,211,406,787,Pending,3/2/2025 12:10
211,212,603,382,Completed,3/8/2025 0:30
212,213,227,631,Cancelled,3/9/2025 9:19
213,214,479,893,Pending,3/7/2025 8:09
214,215,33,762,Cancelled,3/8/2025 11:37
215,216,794,685,Pending,3/17/2025 23:16
216,217,998,590,Completed,3/6/2025 8:04
217,218,523,176,Pending,3/6/2025 20:46
218,219,488,255,Pending,3/3/2025 8:55
219,220,374,27,Cancelled,3/2/2025 23:05
220,221,837,745,Cancelled,3/1/2025 23:38
221,222,550,747,Pending,3/14/2025 23:06
222,223,486,407,Cancelled,3/8/2025 19:20
223,224,924,893,Cancelled,3/1/2025 16:48
224,225,217,850,Cancelled,3/20/2025 20:00
225,226,981,221,Completed,3/10/2025 14:59
226,227,925,480,Completed,3/6/2025 5:40
227,228,325,607,Pending,3/10/2025 10:07
228,229,69,407,Completed,3/19/2025 23:40
229,230,915,686,Pending,3/20/2025 4:11
230,231,208,281,Pending,3/15/2025 22:39
231,232,250,856,Cancelled,3/17/2025 4:43
232,233,922,858,Pending,3/19/2025 18:07
233,234,312,838,Pending,3/17/2025 6:35
234,235,135,529,Cancelled,3/10/2025 15:40
235,236,327,301,Completed,3/13/2025 19:29
236,237,507,112,Cancelled,3/12/2025 0:27
237,238,572,728,Cancelled,3/20/2025 15:24
238,239,589,4,Pending,3/1/2025 21:11
239,240,183,970,Completed,3/14/2025 12:59
240,241,558,103,Completed,3/12/2025 2:23
241,242,380,154,Cancelled,3/6/2025 13:16
242,243,69,98,Cancelled,3/13/2025 2:42
243,244,163,250,Cancelled,3/11/2025 2:32
244,245,725,701,Pending,3/18/2025 16:16
245,246,615,489,Completed,3/10/2025 5:50
246,247,861,138,Completed,3/12/2025 7:34
247,248,458,321,Pending,3/9/2025 3:12
248,249,810,541,Completed,3/16/2025 9:29
249,250,475,201,Cancelled,3/19/2025 21:41
250,251,832,926,Cancelled,3/1/2025 15:16
251,252,544,242,Completed,3/20/2025 3:22
252,253,323,863,Cancelled,3/10/2025 10:56
253,254,940,1,Completed,3/4/2025 3:59
254,255,256,438,Pending,3/18/2025 17:31
255,256,822,47,Completed,3/19/2025 8:03
256,257,191,555,Completed,3/4/2025 2:28
257,258,520,939,Cancelled,3/3/2025 6:16
258,259,467,517,Pending,3/7/2025 13:30
259,260,137,173,Pending,3/5/2025 15:11
260,261,602,735,Pending,3/13/2025 13:58
261,262,188,706,Completed,3/16/2025 0:40
262,263,22,800,Completed,3/16/2025 9:37
263,264,496,59,Cancelled,3/3/2025 13:21
264,265,92,103,Cancelled,3/15/2025 7:39
265,266,367,376,Completed,3/2/2025 7:07
266,267,518,382,Cancelled,3/11/2025 1:30
267,268,738,317,Pending,3/16/2025 11:58
268,269,73,880,Completed,3/13/2025 14:01
269,270,568,477,Completed,3/17/2025 9:23
270,271,160,442,Cancelled,3/6/2025 12:00
271,272,417,906,Cancelled,3/18/2025 4:45
272,273,870,172,Pending,3/19/2025 0:34
273,274,304,481,Pending,3/15/2025 22:55
274,275,906,849,Completed,3/2/2025 11:36
275,276,786,538,Completed,3/16/2025 11:54
276,277,766,109,Completed,3/9/2025 12:24
277,278,258,360,Pending,3/14/2025 3:18
278,279,531,808,Pending,3/13/2025 17:05
279,280,150,282,Cancelled,3/1/2025 12:21
280,281,483,718,Cancelled,3/12/2025 17:17
281,282,161,298,Cancelled,3/14/2025 7:06
282,283,97,102,Pending,3/7/2025 8:11
283,284,554,702,Pending,3/19/2025 8:45
284,285,387,213,Completed,3/18/2025 14:32
285,286,335,602,Pending,3/18/2025 20:45
286,287,952,42,Cancelled,3/18/2025 2:15
287,288,63,964,Completed,3/19/2025 2:29
288,289,573,86,Pending,3/17/2025 2:03
289,290,664,500,Cancelled,3/8/2025 12:13
290,291,886,375,Completed,3/6/2025 7:49
291,292,190,413,Completed,3/13/2025 20:27
292,293,721,837,Completed,3/9/2025 13:31
293,294,662,118,Pending,3/18/2025 6:45
294,295,25,493,Pending,3/13/2025 18:39
295,296,940,158,Cancelled,3/7/2025 18:01
296,297,494,454,Completed,3/14/2025 17:04
297,298,96,595,Cancelled,3/19/2025 6:08
298,299,911,319,Pending,3/1/2025 3:03
299,300,81,645,Pending,3/14/2025 16:21
300,301,489,287,Cancelled,3/2/2025 7:53
301,302,633,774,Pending,3/3/2025 18:50
302,303,358,66,Cancelled,3/3/2025 12:42
303,304,763,883,Pending,3/12/2025 0:49
304,305,464,759,Pending,3/17/2025 18:55
305,306,651,703,Pending,3/5/2025 0:09
306,307,610,34,Pending,3/13/2025 21:15
307,308,227,6,Completed,3/17/2025 18:23
308,309,6,514,Cancelled,3/14/2025 2:19
309,310,107,997,Cancelled,3/8/2025 21:25
310,311,294,187,Cancelled,3/6/2025 21:22
311,312,904,199,Completed,3/8/2025 12:44
312,313,143,880,Cancelled,3/6/2025 10:07
313,314,657,488,Cancelled,3/19/2025 12:18
314,315,254,854,Completed,3/5/2025 22:09
315,316,896,417,Completed,3/10/2025 22:44
316,317,747,660,Pending,3/11/2025 5:40
317,318,861,735,Completed,3/4/2025 20:11
318,319,888,345,Pending,3/5/2025 5:34
319,320,241,815,Completed,3/12/2025 1:29
320,321,116,267,Completed,3/12/2025 18:14
321,322,256,824,Cancelled,3/5/2025 5:22
322,323,670,104,Completed,3/15/2025 13:58
323,324,777,503,Completed,3/3/2025 22:57
324,325,49,586,Completed,3/11/2025 14:05
325,326,690,649,Pending,3/14/2025 14:41
326,327,853,983,Completed,3/17/2025 16:49
327,328,577,183,Completed,3/6/2025 15:44
328,329,419,323,Pending,3/14/2025 3:09
329,330,275,354,Completed,3/1/2025 6:24
330,331,585,262,Cancelled,3/18/2025 18:37
331,332,460,32,Completed,3/3/2025 2:40
332,333,332,368,Completed,3/13/2025 8:50
333,334,447,811,Cancelled,3/18/2025 17:27
334,335,453,643,Cancelled,3/11/2025 19:10
335,336,164,185,Cancelled,3/17/2025 11:49
336,337,405,756,Completed,3/3/2025 19:58
337,338,609,301,Pending,3/21/2025 4:08
338,339,52,497,Completed,3/6/2025 23:14
339,340,148,495,Completed,3/10/2025 23:31
340,341,386,473,Completed,3/10/2025 14:46
341,342,892,999,Cancelled,3/11/2025 6:57
342,343,553,62,Pending,3/18/2025 15:08
343,344,992,160,Cancelled,3/10/2025 21:51
344,345,223,440,Pending,3/17/2025 12:29
345,346,548,87,Pending,3/15/2025 6:06
346,347,564,283,Pending,3/11/2025 20:37
347,348,291,876,Cancelled,3/7/2025 5:24
348,349,262,245,Pending,3/5/2025 19:39
349,350,909,554,Completed,3/19/2025 18:27
350,351,528,936,Pending,3/2/2025 10:41
351,352,427,797,Completed,3/19/2025 7:00
352,353,730,258,Pending,3/7/2025 21:29
353,354,608,873,Pending,3/9/2025 15:33
354,355,398,880,Pending,3/8/2025 23:39
355,356,840,663,Cancelled,3/17/2025 6:07
356,357,536,704,Cancelled,3/8/2025 2:25
357,358,562,717,Completed,3/9/2025 12:56
358,359,107,531,Cancelled,3/14/2025 22:15
359,360,743,324,Cancelled,3/8/2025 0:38
360,361,882,809,Pending,3/8/2025 5:54
361,362,538,9,Cancelled,3/2/2025 9:04
362,363,687,131,Pending,3/13/2025 19:31
363,364,822,576,Completed,3/10/2025 21:47
364,365,207,152,Pending,3/7/2025 3:03
365,366,695,691,Pending,3/2/2025 18:29
366,367,262,688,Completed,3/7/2025 19:46
367,368,788,682,Pending,3/16/2025 11:59
368,369,84,105,Completed,3/10/2025 2:34
369,370,330,38,Cancelled,3/14/2025 17:07
370,371,677,658,Pending,3/20/2025 3:44
371,372,804,2,Cancelled,3/3/2025 9:19
372,373,866,420,Pending,3/19/2025 10:49
373,374,72,696,Pending,3/10/2025 14:14
374,375,342,908,Completed,3/14/2025 2:51
375,376,981,990,Pending,3/15/2025 21:23
376,377,901,190,Pending,3/8/2025 5:43
377,378,765,904,Completed,3/8/2025 13:50
378,379,271,249,Cancelled,3/14/2025 23:15
379,380,217,855,Pending,3/11/2025 18:33
380,381,926,96,Cancelled,3/9/2025 9:09
381,382,782,804,Cancelled,3/20/2025 5:46
382,383,920,673,Completed,3/9/2025 10:55
383,384,389,843,Completed,3/5/2025 23:56
384,385,594,494,Pending,3/3/2025 21:27
385,386,979,553,Cancelled,3/4/2025 9:36
386,387,94,547,Cancelled,3/19/2025 21:23
387,388,16,418,Completed,3/5/2025 1:43
388,389,151,965,Cancelled,3/4/2025 19:08
389,390,398,414,Completed,3/10/2025 18:36
390,391,807,950,Completed,3/4/2025 20:52
391,392,116,600,Completed,3/8/2025 21:48
392,393,390,684,Pending,3/21/2025 0:15
393,394,211,697,Pending,3/5/2025 16:12
394,395,681,785,Cancelled,3/16/2025 12:18
395,396,50,436,Completed,3/16/2025 23:56
396,397,45,435,Pending,3/4/2025 14:58
397,398,548,459,Pending,3/6/2025 17:22
398,399,947,241,Pending,3/6/2025 19:27
399,400,373,613,Completed,3/15/2025 12:26
400,401,174,595,Pending,3/11/2025 0:28
401,402,379,872,Pending,3/8/2025 0:59
402,403,141,693,Pending,3/2/2025 8:42
403,404,475,63,Cancelled,3/12/2025 23:03
404,405,548,858,Completed,3/18/2025 2:49
405,406,606,833,Pending,3/5/2025 8:16
406,407,722,935,Pending,3/12/2025 18:28
407,408,730,390,Pending,3/8/2025 8:56
408,409,995,159,Cancelled,3/8/2025 21:36
409,410,114,974,Cancelled,3/1/2025 15:29
410,411,525,406,Pending,3/18/2025 16:53
411,412,981,220,Cancelled,3/3/2025 11:44
412,413,88,791,Completed,3/10/2025 20:51
413,414,826,544,Cancelled,3/8/2025 19:31
414,415,485,144,Pending,3/11/2025 13:35
415,416,900,357,Cancelled,3/12/2025 7:04
416,417,716,972,Pending,3/14/2025 7:18
417,418,632,500,Cancelled,3/1/2025 16:52
418,419,221,869,Pending,3/11/2025 9:41
419,420,257,977,Cancelled,3/11/2025 4:00
420,421,572,173,Pending,3/8/2025 14:48
421,422,534,849,Completed,3/12/2025 10:29
422,423,915,344,Pending,3/21/2025 5:41
423,424,755,537,Cancelled,3/2/2025 13:00
424,425,797,237,Pending,3/1/2025 15:13
425,426,101,538,Completed,3/18/2025 7:28
426,427,412,811,Cancelled,3/17/2025 0:53
427,428,225,613,Completed,3/7/2025 15:13
428,429,528,299,Pending,3/14/2025 18:15
429,430,861,972,Pending,3/3/2025 1:58
430,431,115,679,Completed,3/20/2025 11:53
431,432,427,507,Pending,3/15/2025 13:30
432,433,245,6,Completed,3/14/2025 12:40
433,434,356,596,Completed,3/15/2025 21:14
434,435,129,531,Pending,3/14/2025 10:48
435,436,952,962,Completed,3/13/2025 3:13
436,437,230,628,Cancelled,3/15/2025 2:41
437,438,612,770,Pending,3/18/2025 13:00
438,439,480,432,Cancelled,3/4/2025 3:32
439,440,265,460,Cancelled,3/14/2025 21:06
440,441,968,483,Cancelled,3/8/2025 11:28
441,442,499,446,Cancelled,3/19/2025 16:01
442,443,879,124,Completed,3/5/2025 12:55
443,444,128,660,Cancelled,3/11/2025 3:57
444,445,602,485,Cancelled,3/19/2025 8:55
445,446,524,874,Cancelled,3/10/2025 21:31
446,447,801,616,Cancelled,3/13/2025 2:49
447,448,902,770,Cancelled,3/17/2025 11:37
448,449,865,493,Pending,3/17/2025 6:16
449,450,29,554,Cancelled,3/20/2025 20:03
450,451,683,216,Completed,3/13/2025 8:06
451,452,365,782,Cancelled,3/18/2025 16:04
452,453,531,468,Cancelled,3/12/2025 22:16
453,454,828,929,Completed,3/20/2025 5:18
454,455,984,665,Pending,3/6/2025 22:55
455,456,820,858,Pending,3/2/2025 16:44
456,457,79,508,Pending,3/5/2025 4:11
457,458,178,385,Completed,3/10/2025 3:13
458,459,329,74,Cancelled,3/13/2025 7:50
459,460,214,879,Completed,3/5/2025 20:10
460,461,492,322,Pending,3/4/2025 16:22
461,462,517,921,Completed,3/5/2025 21:04
462,463,615,269,Completed,3/18/2025 11:00
463,464,611,306,Completed,3/1/2025 3:32
464,465,632,266,Pending,3/19/2025 21:43
465,466,699,285,Pending,3/21/2025 4:34
466,467,216,353,Completed,3/13/2025 16:21
467,468,371,912,Completed,3/17/2025 17:09
468,469,404,565,Completed,3/15/2025 7:13
469,470,215,195,Cancelled,3/20/2025 13:44
470,471,11,337,Cancelled,3/21/2025 4:51
471,472,958,888,Pending,3/4/2025 21:52
472,473,593,258,Pending,3/14/2025 11:39
473,474,345,97,Cancelled,3/2/2025 6:57
474,475,260,901,Cancelled,3/18/2025 10:26
475,476,166,536,Pending,3/3/2025 13:34
476,477,65,301,Cancelled,3/11/2025 13:18
477,478,844,156,Cancelled,3/2/2025 20:18
478,479,216,923,Pending,3/21/2025 5:08
479,480,548,670,Pending,3/17/2025 23:08
480,481,144,423,Completed,3/10/2025 4:38
481,482,446,883,Completed,3/10/2025 17:30
482,483,674,223,Completed,3/13/2025 15:25
483,484,565,833,Cancelled,3/14/2025 13:15
484,485,321,505,Cancelled,3/6/2025 17:49
485,486,106,645,Cancelled,3/4/2025 11:54
486,487,654,968,Completed,3/10/2025 19:51
487,488,194,125,Pending,3/18/2025 6:30
488,489,969,99,Completed,3/10/2025 6:44
489,490,891,511,Pending,3/9/2025 11:20
490,491,1,574,Completed,3/8/2025 7:16
491,492,672,214,Pending,3/10/2025 9:41
492,493,74,294,Cancelled,3/18/2025 5:15
493,494,675,651,Cancelled,3/18/2025 7:39
494,495,665,878,Completed,3/17/2025 4:48
495,496,599,404,Pending,3/20/2025 15:31
496,497,606,269,Completed,3/6/2025 3:51
497,498,946,386,Pending,3/16/2025 15:13
498,499,921,77,Cancelled,3/4/2025 2:43
499,500,532,102,Completed,3/17/2025 5:29
500,501,202,671,Completed,3/12/2025 12:22
501,502,84,168,Completed,3/5/2025 1:43
502,503,717,917,Cancelled,3/13/2025 21:31
503,504,947,320,Completed,3/7/2025 3:28
504,505,919,762,Cancelled,3/10/2025 18:56
505,506,892,306,Completed,3/10/2025 5:39
506,507,217,370,Pending,3/20/2025 12:41
507,508,152,347,Pending,3/1/2025 4:09
508,509,134,600,Cancelled,3/17/2025 15:43
509,510,90,419,Pending,3/12/2025 9:35
510,511,199,446,Cancelled,3/1/2025 18:00
511,512,798,821,Cancelled,3/15/2025 19:57
512,513,73,283,Cancelled,3/5/2025 20:17
513,514,521,274,Cancelled,3/21/2025 0:05
514,515,930,45,Completed,3/19/2025 2:18
515,516,302,806,Completed,3/8/2025 9:58
516,517,806,872,Completed,3/19/2025 13:38
517,518,282,127,Pending,3/7/2025 20:37
518,519,406,960,Pending,3/6/2025 21:16
519,520,624,396,Completed,3/3/2025 9:53
520,521,295,327,Cancelled,3/16/2025 6:19
521,522,271,372,Pending,3/17/2025 21:36
522,523,744,676,Completed,3/13/2025 11:09
523,524,448,180,Completed,3/15/2025 4:57
524,525,22,438,Completed,3/15/2025 4:20
525,526,697,401,Pending,3/17/2025 18:51
526,527,340,572,Pending,3/19/2025 19:35
527,528,819,1,Completed,3/20/2025 13:45
528,529,515,399,Completed,3/7/2025 10:51
529,530,59,543,Completed,3/7/2025 3:12
530,531,592,894,Pending,3/10/2025 15:27
531,532,486,14,Cancelled,3/8/2025 2:33
532,533,275,410,Pending,3/13/2025 5:38
533,534,50,287,Cancelled,3/10/2025 15:47
534,535,663,329,Completed,3/21/2025 5:22
535,536,115,162,Cancelled,3/12/2025 14:24
536,537,39,259,Cancelled,3/20/2025 8:41
537,538,220,225,Cancelled,3/5/2025 4:18
538,539,64,119,Cancelled,3/8/2025 9:41
539,540,444,608,Cancelled,3/10/2025 4:11
540,541,261,705,Completed,3/11/2025 12:29
541,542,560,442,Completed,3/13/2025 22:53
542,543,657,748,Completed,3/12/2025 16:38
543,544,187,568,Cancelled,3/18/2025 2:56
544,545,463,292,Completed,3/9/2025 6:07
545,546,962,571,Completed,3/7/2025 17:55
546,547,509,886,Cancelled,3/6/2025 13:30
547,548,520,821,Completed,3/14/2025 21:01
548,549,954,703,Cancelled,3/10/2025 20:52
549,550,115,882,Pending,3/15/2025 2:55
550,551,837,742,Cancelled,3/13/2025 8:32
551,552,463,949,Pending,3/3/2025 8:58
552,553,215,503,Pending,3/4/2025 15:39
553,554,52,126,Completed,3/4/2025 7:19
554,555,253,946,Pending,3/1/2025 7:51
555,556,479,460,Completed,3/7/2025 18:19
556,557,324,31,Cancelled,3/6/2025 7:22
557,558,435,33,Completed,3/7/2025 7:04
558,559,714,935,Cancelled,3/9/2025 1:55
559,560,731,215,Cancelled,3/11/2025 6:42
560,561,269,859,Completed,3/7/2025 17:52
561,562,326,629,Pending,3/1/2025 9:12
562,563,622,371,Cancelled,3/2/2025 21:06
563,564,947,203,Cancelled,3/6/2025 13:30
564,565,801,473,Completed,3/12/2025 4:40
565,566,320,68,Cancelled,3/13/2025 1:43
566,567,924,974,Cancelled,3/10/2025 23:22
567,568,852,400,Completed,3/4/2025 2:45
568,569,59,401,Pending,3/2/2025 15:48
569,570,849,835,Completed,3/9/2025 3:28
570,571,408,789,Completed,3/3/2025 6:09
571,572,622,542,Completed,3/17/2025 23:13
572,573,229,505,Completed,3/12/2025 15:46
573,574,438,342,Completed,3/4/2025 2:02
574,575,636,413,Cancelled,3/1/2025 23:06
575,576,58,341,Completed,3/17/2025 2:11
576,577,486,412,Cancelled,3/16/2025 21:29
577,578,674,368,Pending,3/17/2025 6:50
578,579,559,342,Completed,3/19/2025 11:30
579,580,508,704,Pending,3/1/2025 4:45
580,581,734,706,Cancelled,3/9/2025 10:35
581,582,284,990,Completed,3/3/2025 6:53
582,583,925,144,Pending,3/3/2025 1:06
583,584,705,968,Cancelled,3/1/2025 12:04
584,585,373,926,Completed,3/19/2025 13:20
585,586,970,281,Completed,3/20/2025 6:59
586,587,560,637,Pending,3/10/2025 1:27
587,588,92,640,Cancelled,3/12/2025 5:36
588,589,619,90,Cancelled,3/13/2025 23:44
589,590,505,4,Cancelled,3/17/2025 8:39
590,591,723,782,Completed,3/20/2025 6:00
591,592,319,832,Completed,3/3/2025 23:50
592,593,882,743,Cancelled,3/5/2025 23:53
593,594,555,14,Pending,3/16/2025 20:01
594,595,172,861,Cancelled,3/7/2025 15:18
595,596,844,949,Cancelled,3/13/2025 4:06
596,597,599,183,Pending,3/13/2025 5:49
597,598,403,905,Completed,3/4/2025 4:55
598,599,307,86,Pending,3/19/2025 18:33
599,600,910,492,Cancelled,3/17/2025 17:33
600,601,964,458,Completed,3/21/2025 3:54
601,602,165,997,Cancelled,3/19/2025 7:08
602,603,920,766,Pending,3/11/2025 7:49
603,604,522,737,Completed,3/11/2025 21:27
604,605,727,786,Completed,3/7/2025 16:35
605,606,912,192,Cancelled,3/15/2025 1:34
606,607,72,397,Cancelled,3/12/2025 0:38
607,608,570,484,Cancelled,3/8/2025 5:26
608,609,200,227,Completed,3/10/2025 3:34
609,610,151,619,Cancelled,3/14/2025 15:18
610,611,433,567,Pending,3/8/2025 5:41
611,612,92,192,Completed,3/13/2025 21:16
612,613,764,482,Completed,3/1/2025 6:01
613,614,707,90,Pending,3/14/2025 13:47
614,615,821,367,Completed,3/5/2025 20:37
615,616,967,162,Pending,3/12/2025 16:05
616,617,933,68,Cancelled,3/5/2025 14:23
617,618,395,134,Pending,3/2/2025 3:19
618,619,743,725,Cancelled,3/20/2025 7:40
619,620,207,618,Cancelled,3/17/2025 11:24
620,621,175,742,Pending,3/19/2025 10:26
621,622,949,963,Cancelled,3/12/2025 19:13
622,623,400,737,Cancelled,3/14/2025 10:01
623,624,502,524,Cancelled,3/5/2025 16:11
624,625,416,69,Cancelled,3/16/2025 2:15
625,626,823,576,Pending,3/21/2025 2:42
626,627,686,814,Cancelled,3/15/2025 1:36
627,628,906,354,Pending,3/17/2025 9:31
628,629,326,437,Pending,3/16/2025 0:43
629,630,606,905,Completed,3/2/2025 15:26
630,631,862,28,Pending,3/19/2025 0:37
631,632,393,9,Completed,3/20/2025 13:40
632,633,385,440,Completed,3/12/2025 13:15
633,634,435,767,Pending,3/8/2025 17:54
634,635,748,113,Pending,3/7/2025 1:36
635,636,554,144,Cancelled,3/18/2025 17:20
636,637,476,216,Pending,3/20/2025 13:06
637,638,949,687,Completed,3/16/2025 5:38
638,639,233,832,Cancelled,3/6/2025 13:32
639,640,239,944,Cancelled,3/19/2025 1:17
640,641,251,410,Cancelled,3/2/2025 0:21
641,642,113,255,Pending,3/20/2025 19:57
642,643,806,993,Pending,3/10/2025 18:38
643,644,837,800,Cancelled,3/11/2025 4:33
644,645,739,220,Pending,3/20/2025 3:23
645,646,120,713,Cancelled,3/13/2025 13:29
646,647,35,654,Pending,3/18/2025 17:53
647,648,55,1000,Completed,3/8/2025 11:56
648,649,210,43,Completed,3/7/2025 17:26
649,650,421,505,Completed,3/12/2025 14:21
650,651,156,113,Cancelled,3/14/2025 22:38
651,652,932,223,Pending,3/5/2025 12:54
652,653,78,765,Pending,3/2/2025 10:50
653,654,291,158,Pending,3/21/2025 0:56
654,655,215,28,Completed,3/11/2025 12:30
655,656,875,799,Pending,3/13/2025 16:14
656,657,945,220,Completed,3/8/2025 12:26
657,658,232,10,Pending,3/1/2025 21:49
658,659,98,864,Cancelled,3/17/2025 2:31
659,660,912,204,Cancelled,3/8/2025 10:54
660,661,520,560,Pending,3/9/2025 2:37
661,662,600,902,Completed,3/18/2025 0:04
662,663,180,884,Cancelled,3/14/2025 11:47
663,664,866,410,Cancelled,3/19/2025 6:20
664,665,49,314,Pending,3/8/2025 19:49
665,666,749,130,Pending,3/15/2025 9:02
666,667,165,681,Cancelled,3/2/2025 23:27
667,668,86,205,Cancelled,3/10/2025 9:10
668,669,224,570,Pending,3/6/2025 3:52
669,670,349,118,Cancelled,3/10/2025 18:32
670,671,297,610,Completed,3/1/2025 1:43
671,672,903,508,Completed,3/19/2025 9:42
672,673,474,545,Cancelled,3/10/2025 4:05
673,674,861,276,Cancelled,3/10/2025 0:14
674,675,897,53,Cancelled,3/19/2025 6:58
675,676,625,589,Pending,3/15/2025 9:58
676,677,287,663,Pending,3/18/2025 11:41
677,678,56,139,Pending,3/10/2025 0:33
678,679,302,305,Pending,3/16/2025 1:38
679,680,154,785,Completed,3/17/2025 14:55
680,681,334,213,Cancelled,3/11/2025 9:29
681,682,629,937,Pending,3/19/2025 6:45
682,683,195,805,Pending,3/13/2025 15:36
683,684,299,550,Pending,3/14/2025 8:30
684,685,622,235,Cancelled,3/1/2025 8:58
685,686,540,900,Pending,3/7/2025 9:12
686,687,921,536,Completed,3/7/2025 20:46
687,688,854,525,Completed,3/18/2025 1:18
688,689,246,131,Cancelled,3/13/2025 3:31
689,690,85,781,Completed,3/9/2025 18:58
690,691,498,442,Cancelled,3/2/2025 2:18
691,692,500,717,Pending,3/14/2025 2:15
692,693,479,647,Cancelled,3/15/2025 3:55
693,694,529,454,Completed,3/1/2025 6:03
694,695,462,415,Cancelled,3/10/2025 21:12
695,696,634,561,Cancelled,3/12/2025 17:08
696,697,30,132,Completed,3/4/2025 17:46
697,698,633,185,Cancelled,3/3/2025 0:51
698,699,138,233,Cancelled,3/4/2025 15:15
699,700,110,901,Completed,3/8/2025 19:12
700,701,833,15,Completed,3/14/2025 16:16
701,702,83,150,Cancelled,3/11/2025 23:02
702,703,836,742,Cancelled,3/14/2025 10:57
703,704,271,394,Pending,3/8/2025 1:33
704,705,298,174,Cancelled,3/9/2025 7:36
705,706,636,800,Pending,3/9/2025 23:19
706,707,791,877,Pending,3/7/2025 10:15
707,708,999,293,Pending,3/18/2025 18:55
708,709,673,754,Cancelled,3/20/2025 9:11
709,710,599,27,Pending,3/16/2025 9:32
710,711,703,674,Completed,3/15/2025 7:35
711,712,179,505,Completed,3/1/2025 1:24
712,713,973,494,Completed,3/7/2025 6:15
713,714,951,423,Pending,3/21/2025 1:57
714,715,36,668,Pending,3/17/2025 14:14
715,716,696,68,Cancelled,3/3/2025 2:38
716,717,991,149,Pending,3/12/2025 17:53
717,718,626,650,Completed,3/14/2025 23:56
718,719,695,192,Cancelled,3/12/2025 0:06
719,720,502,348,Cancelled,3/15/2025 6:28
720,721,217,844,Completed,3/13/2025 15:46
721,722,898,888,Completed,3/15/2025 8:59
722,723,228,59,Pending,3/12/2025 4:00
723,724,396,747,Completed,3/12/2025 2:12
724,725,784,218,Pending,3/20/2025 12:45
725,726,23,446,Cancelled,3/6/2025 0:25
726,727,47,548,Cancelled,3/17/2025 4:10
727,728,882,810,Completed,3/15/2025 11:35
728,729,308,239,Pending,3/16/2025 12:55
729,730,715,48,Cancelled,3/3/2025 13:52
730,731,403,218,Completed,3/17/2025 22:44
731,732,935,126,Pending,3/7/2025 9:52
732,733,932,843,Completed,3/14/2025 21:55
733,734,224,172,Cancelled,3/18/2025 16:07
734,735,720,608,Completed,3/20/2025 6:52
735,736,84,544,Completed,3/14/2025 23:52
736,737,636,794,Pending,3/14/2025 18:09
737,738,819,482,Completed,3/12/2025 23:39
738,739,230,171,Completed,3/2/2025 17:31
739,740,199,50,Completed,3/20/2025 6:16
740,741,886,842,Cancelled,3/19/2025 9:05
741,742,132,358,Pending,3/15/2025 15:01
742,743,574,996,Cancelled,3/8/2025 15:17
743,744,379,26,Pending,3/14/2025 7:15
744,745,807,317,Pending,3/19/2025 19:02
745,746,385,587,Pending,3/19/2025 13:13
746,747,234,437,Pending,3/3/2025 21:37
747,748,494,395,Cancelled,3/2/2025 21:16
748,749,689,300,Cancelled,3/13/2025 19:23
749,750,931,742,Completed,3/19/2025 4:32
750,751,398,710,Pending,3/16/2025 4:56
751,752,463,777,Cancelled,3/13/2025 23:12
752,753,958,455,Cancelled,3/7/2025 15:56
753,754,997,571,Completed,3/20/2025 8:59
754,755,34,709,Completed,3/15/2025 3:13
755,756,696,418,Completed,3/16/2025 9:29
756,757,352,7,Completed,3/13/2025 19:20
757,758,877,472,Cancelled,3/20/2025 2:09
758,759,174,219,Cancelled,3/18/2025 11:19
759,760,828,212,Completed,3/13/2025 16:00
760,761,205,351,Completed,3/12/2025 20:51
761,762,505,275,Cancelled,3/16/2025 0:02
762,763,331,52,Cancelled,3/13/2025 7:51
763,764,28,788,Completed,3/16/2025 4:52
764,765,168,695,Pending,3/17/2025 9:49
765,766,945,781,Completed,3/10/2025 9:20
766,767,798,355,Completed,3/9/2025 18:34
767,768,939,213,Pending,3/18/2025 16:20
768,769,971,107,Cancelled,3/4/2025 1:25
769,770,917,328,Completed,3/11/2025 8:12
770,771,297,181,Cancelled,3/13/2025 1:15
771,772,926,112,Completed,3/4/2025 15:24
772,773,35,205,Pending,3/12/2025 10:01
773,774,35,479,Cancelled,3/20/2025 12:11
774,775,961,806,Completed,3/5/2025 23:56
775,776,23,559,Cancelled,3/2/2025 0:29
776,777,886,297,Cancelled,3/14/2025 9:47
777,778,241,715,Pending,3/11/2025 0:31
778,779,508,56,Cancelled,3/13/2025 18:28
779,780,16,194,Pending,3/8/2025 13:58
780,781,676,701,Pending,3/4/2025 14:26
781,782,476,181,Completed,3/4/2025 19:49
782,783,485,429,Cancelled,3/15/2025 18:58
783,784,655,381,Pending,3/19/2025 22:41
784,785,981,887,Pending,3/15/2025 14:23
785,786,104,977,Pending,3/9/2025 13:13
786,787,988,590,Completed,3/15/2025 4:12
787,788,253,379,Completed,3/19/2025 17:32
788,789,684,202,Cancelled,3/1/2025 21:34
789,790,30,680,Completed,3/5/2025 13:01
790,791,240,144,Cancelled,3/10/2025 3:33
791,792,775,259,Completed,3/12/2025 17:39
792,793,444,783,Completed,3/2/2025 21:12
793,794,928,318,Cancelled,3/13/2025 16:04
794,795,902,293,Completed,3/5/2025 21:45
795,796,685,410,Cancelled,3/13/2025 0:39
796,797,950,275,Pending,3/12/2025 22:59
797,798,609,735,Pending,3/9/2025 10:08
798,799,487,786,Completed,3/6/2025 19:57
799,800,224,227,Cancelled,3/11/2025 23:55
800,801,131,72,Completed,3/4/2025 15:42
801,802,100,729,Completed,3/17/2025 9:35
802,803,701,240,Pending,3/9/2025 14:33
803,804,614,655,Cancelled,3/21/2025 6:12
804,805,181,348,Cancelled,3/13/2025 11:08
805,806,529,650,Pending,3/2/2025 7:54
806,807,767,742,Completed,3/8/2025 17:05
807,808,243,528,Pending,3/1/2025 20:29
808,809,929,603,Pending,3/10/2025 3:05
809,810,528,281,Cancelled,3/15/2025 6:11
810,811,399,57,Cancelled,3/10/2025 6:39
811,812,820,473,Pending,3/7/2025 0:40
812,813,934,982,Completed,3/2/2025 22:20
813,814,95,438,Completed,3/15/2025 18:11
814,815,243,795,Completed,3/18/2025 8:50
815,816,627,899,Pending,3/7/2025 18:11
816,817,969,800,Pending,3/3/2025 16:20
817,818,797,570,Completed,3/10/2025 20:54
818,819,18,617,Pending,3/6/2025 1:36
819,820,943,869,Completed,3/7/2025 18:34
820,821,590,300,Cancelled,3/11/2025 3:27
821,822,126,122,Pending,3/4/2025 6:00
822,823,96,800,Cancelled,3/7/2025 21:50
823,824,151,508,Cancelled,3/15/2025 5:45
824,825,31,590,Pending,3/12/2025 7:28
825,826,762,965,Cancelled,3/9/2025 9:16
826,827,964,59,Cancelled,3/19/2025 13:26
827,828,598,723,Pending,3/4/2025 4:15
828,829,443,891,Pending,3/14/2025 21:42
829,830,353,706,Cancelled,3/16/2025 12:31
830,831,401,389,Completed,3/9/2025 11:43
831,832,133,128,Completed,3/20/2025 8:29
832,833,214,673,Cancelled,3/11/2025 15:57
833,834,335,439,Pending,3/9/2025 0:14
834,835,203,533,Pending,3/7/2025 5:03
835,836,733,532,Pending,3/18/2025 0:13
836,837,25,228,Cancelled,3/12/2025 14:13
837,838,728,870,Completed,3/11/2025 3:05
838,839,945,72,Cancelled,3/20/2025 8:13
839,840,811,245,Pending,3/17/2025 11:00
840,841,682,195,Completed,3/3/2025 0:22
841,842,812,341,Cancelled,3/14/2025 22:59
842,843,512,102,Cancelled,3/10/2025 1:37
843,844,778,362,Cancelled,3/16/2025 5:59
844,845,70,42,Pending,3/9/2025 11:24
845,846,125,549,Cancelled,3/18/2025 13:25
846,847,682,778,Cancelled,3/7/2025 7:36
847,848,374,419,Pending,3/18/2025 18:19
848,849,647,468,Pending,3/14/2025 5:17
849,850,652,381,Pending,3/7/2025 15:57
850,851,71,164,Completed,3/8/2025 16:08
851,852,66,700,Cancelled,3/18/2025 10:02
852,853,299,378,Pending,3/18/2025 9:13
853,854,173,647,Completed,3/8/2025 15:30
854,855,410,595,Cancelled,3/1/2025 22:24
855,856,294,838,Completed,3/18/2025 13:19
856,857,418,771,Completed,3/12/2025 22:10
857,858,465,145,Completed,3/5/2025 7:07
858,859,3,887,Cancelled,3/13/2025 6:36
859,860,9,345,Cancelled,3/5/2025 9:20
860,861,510,377,Cancelled,3/13/2025 6:11
861,862,839,361,Cancelled,3/19/2025 4:49
862,863,30,16,Pending,3/9/2025 22:36
863,864,962,622,Cancelled,3/9/2025 0:55
864,865,163,694,Pending,3/7/2025 15:49
865,866,461,615,Completed,3/1/2025 2:31
866,867,692,794,Completed,3/10/2025 7:01
867,868,460,361,Pending,3/9/2025 2:48
868,869,935,348,Cancelled,3/11/2025 23:05
869,870,972,228,Completed,3/17/2025 18:54
870,871,786,620,Cancelled,3/8/2025 17:20
871,872,832,302,Completed,3/15/2025 15:47
872,873,558,173,Pending,3/17/2025 5:22
873,874,822,226,Pending,3/10/2025 5:50
874,875,338,848,Completed,3/16/2025 13:38
875,876,696,994,Cancelled,3/10/2025 14:13
876,877,707,637,Completed,3/3/2025 23:14
877,878,544,889,Cancelled,3/14/2025 5:12
878,879,7,825,Pending,3/1/2025 1:49
879,880,751,811,Cancelled,3/10/2025 20:50
880,881,17,647,Pending,3/12/2025 19:27
881,882,565,850,Completed,3/12/2025 20:44
882,883,167,266,Pending,3/11/2025 12:45
883,884,364,493,Cancelled,3/14/2025 15:24
884,885,515,400,Pending,3/16/2025 23:58
885,886,756,973,Cancelled,3/7/2025 2:15
886,887,743,507,Pending,3/15/2025 2:19
887,888,916,738,Completed,3/5/2025 1:28
888,889,632,917,Cancelled,3/8/2025 22:20
889,890,128,276,Cancelled,3/13/2025 8:03
890,891,973,510,Cancelled,3/17/2025 5:08
891,892,456,933,Pending,3/4/2025 14:51
892,893,180,276,Completed,3/20/2025 12:02
893,894,730,903,Cancelled,3/2/2025 11:28
894,895,977,425,Pending,3/12/2025 3:28
895,896,315,768,Completed,3/15/2025 6:17
896,897,929,730,Completed,3/13/2025 19:48
897,898,851,572,Completed,3/14/2025 7:54
898,899,13,28,Pending,3/16/2025 6:18
899,900,545,532,Completed,3/3/2025 21:06
900,901,474,195,Pending,3/12/2025 9:04
901,902,210,852,Completed,3/2/2025 17:35
902,903,413,426,Cancelled,3/18/2025 22:32
903,904,168,561,Completed,3/8/2025 21:53
904,905,380,361,Pending,3/5/2025 13:31
905,906,938,916,Pending,3/15/2025 10:50
906,907,800,934,Completed,3/4/2025 3:13
907,908,762,558,Completed,3/5/2025 13:06
908,909,893,299,Completed,3/20/2025 23:39
909,910,410,424,Completed,3/5/2025 14:21
910,911,355,128,Pending,3/8/2025 8:57
911,912,683,189,Completed,3/20/2025 15:37
912,913,705,957,Pending,3/15/2025 22:21
913,914,950,239,Completed,3/18/2025 13:03
914,915,441,65,Pending,3/1/2025 17:46
915,916,571,472,Pending,3/13/2025 3:13
916,917,109,935,Completed,3/3/2025 10:41
917,918,92,42,Completed,3/11/2025 9:59
918,919,623,841,Cancelled,3/11/2025 18:11
919,920,279,323,Cancelled,3/20/2025 16:37
920,921,826,507,Completed,3/5/2025 1:43
921,922,206,768,Pending,3/20/2025 0:57
922,923,293,276,Cancelled,3/2/2025 22:49
923,924,580,154,Pending,3/13/2025 16:32
924,925,237,985,Pending,3/8/2025 5:15
925,926,43,72,Cancelled,3/6/2025 12:37
926,927,317,407,Completed,3/15/2025 13:34
927,928,41,945,Pending,3/20/2025 0:15
928,929,778,938,Pending,3/3/2025 0:57
929,930,407,371,Pending,3/3/2025 10:47
930,931,616,637,Completed,3/4/2025 1:42
931,932,419,354,Completed,3/12/2025 16:39
932,933,574,301,Cancelled,3/2/2025 6:24
933,934,639,555,Cancelled,3/8/2025 17:07
934,935,520,788,Cancelled,3/17/2025 7:27
935,936,96,170,Cancelled,3/8/2025 1:17
936,937,744,799,Cancelled,3/2/2025 10:22
937,938,977,897,Cancelled,3/11/2025 7:58
938,939,37,512,Pending,3/8/2025 15:55
939,940,911,959,Completed,3/5/2025 23:59
940,941,223,318,Cancelled,3/4/2025 18:16
941,942,189,850,Completed,3/1/2025 15:26
942,943,89,934,Pending,3/2/2025 0:43
943,944,680,817,Pending,3/8/2025 0:52
944,945,989,901,Cancelled,3/16/2025 22:54
945,946,839,324,Cancelled,3/20/2025 13:56
946,947,304,840,Cancelled,3/3/2025 20:13
947,948,156,482,Completed,3/14/2025 11:23
948,949,241,240,Completed,3/3/2025 8:53
949,950,481,298,Pending,3/1/2025 3:50
950,951,236,585,Completed,3/18/2025 1:05
951,952,459,183,Completed,3/18/2025 7:49
952,953,744,686,Cancelled,3/5/2025 20:10
953,954,732,267,Cancelled,3/10/2025 10:04
954,955,492,414,Completed,3/14/2025 23:17
955,956,904,745,Completed,3/13/2025 8:36
956,957,230,625,Completed,3/16/2025 20:45
957,958,601,96,Cancelled,3/12/2025 16:11
958,959,384,31,Pending,3/14/2025 12:40
959,960,292,830,Completed,3/15/2025 9:00
960,961,955,181,Completed,3/16/2025 5:05
961,962,391,308,Completed,3/9/2025 0:59
962,963,397,93,Cancelled,3/7/2025 6:39
963,964,563,451,Pending,3/17/2025 10:43
964,965,285,377,Pending,3/4/2025 1:35
965,966,558,509,Cancelled,3/13/2025 23:25
966,967,890,168,Pending,3/12/2025 16:42
967,968,637,37,Cancelled,3/19/2025 0:50
968,969,836,408,Cancelled,3/16/2025 2:39
969,970,997,497,Cancelled,3/5/2025 2:55
970,971,596,330,Completed,3/10/2025 12:51
971,972,623,87,Pending,3/6/2025 4:36
972,973,284,559,Pending,3/8/2025 20:43
973,974,643,371,Cancelled,3/3/2025 19:08
974,975,226,132,Cancelled,3/1/2025 5:18
975,976,551,409,Completed,3/7/2025 12:50
976,977,853,193,Pending,3/5/2025 20:11
977,978,818,799,Cancelled,3/11/2025 6:11
978,979,855,553,Completed,3/7/2025 8:39
979,980,925,652,Pending,3/18/2025 11:35
980,981,615,839,Cancelled,3/10/2025 15:58
981,982,670,871,Cancelled,3/19/2025 2:27
982,983,300,755,Pending,3/18/2025 19:10
983,984,1,368,Completed,3/19/2025 6:19
984,985,380,113,Completed,3/17/2025 22:32
985,986,915,875,Completed,3/5/2025 13:19
986,987,579,769,Cancelled,3/4/2025 13:27
987,988,272,191,Pending,3/4/2025 7:18
988,989,799,272,Pending,3/8/2025 13:03
989,990,791,943,Cancelled,3/19/2025 15:41
990,991,175,984,Pending,3/20/2025 3:50
991,992,251,394,Completed,3/17/2025 10:54
992,993,635,341,Cancelled,3/19/2025 12:40
993,994,107,93,Cancelled,3/3/2025 22:13
994,995,190,105,Completed,3/10/2025 0:46
995,996,855,211,Completed,3/13/2025 19:40
996,997,980,746,Cancelled,3/17/2025 22:04
997,998,832,967,Cancelled,3/13/2025 18:00
998,999,917,90,Completed,3/1/2025 15:31
999,1000,596,950,Cancelled,3/13/2025 12:51
